FAQ Questions from SJSU Custon KG,FAQ Answers from JSU Custon KG
What is the email of Dan Harkey?,"What is the email of Dan Harkey?"
Which courses does Vinodh Gopinath teach?,"Which courses does Vinodh Gopinath teach?"
What are office hours of Vinodh Gopinath?,"What are office hours of Vinodh Gopinath?"
What is the deadline to pay Fall 2021 Tuition Fee?,"What is the deadline to pay Fall 2021 Tuition Fee?"
How many course are in SJSU?,"How many course are in SJSU?"
How many course are taught by Dan Harkey?,"How many course are taught by Dan Harkey?"
What is the criteria for an interdisciplinary studies major?, "What is the criteria for an interdisciplinary studies major?"
What is required to do an interdisciplinary studies major?,"What is the criteria for an interdisciplinary studies major?"
How can I reach the Student Health Center?,"How to reach the Student Health Center?"
What is the contact number of admissions office?,"What is the contact number of admissions office?"
Who should I contact for Interdisciplinary studies or interdisciplinary major?,"who should I contact for Interdisciplinary studies?"
How much is the application fees for graduate school?,"What is the application fees for graduate school?"

